Estoy estudiando,calificacion,Campus
Secundaria Anual,8,Coatzacoalcos
Secundaria Anual,9,Coatzacoalcos
Secundaria Anual,10,Coatzacoalcos
Secundaria Anual,10,Coatzacoalcos
Secundaria Anual,10,Coatzacoalcos
Secundaria Anual,10,Coatzacoalcos
Secundaria Anual,10,Coatzacoalcos
Secundaria Anual,8,Coatzacoalcos
Secundaria Anual,9,Coatzacoalcos
Secundaria Anual,10,Coatzacoalcos
Secundaria Anual,10,Coatzacoalcos
Secundaria Anual,10,Coatzacoalcos
Secundaria Anual,8,Coatzacoalcos
Secundaria Anual,10,Coatzacoalcos
Secundaria Anual,9,Coatzacoalcos
Secundaria Anual,10,Coatzacoalcos
Secundaria Anual,8,Coatzacoalcos
Secundaria Anual,10,Coatzacoalcos
Secundaria Anual,9,Coatzacoalcos
Secundaria Anual,8,Coatzacoalcos
Secundaria Anual,10,Coatzacoalcos
Secundaria Anual,10,Coatzacoalcos
Secundaria Anual,10,Coatzacoalcos
Secundaria Anual,7,Coatzacoalcos
Secundaria Anual,8,Coatzacoalcos
Secundaria Anual,10,Coatzacoalcos
Secundaria Anual,10,Coatzacoalcos
Secundaria Anual,10,Coatzacoalcos
Secundaria Anual,10,Coatzacoalcos
Secundaria Anual,10,Coatzacoalcos
Secundaria Anual,10,Coatzacoalcos
Secundaria Anual,10,Coatzacoalcos
Secundaria Anual,10,Coatzacoalcos
Secundaria Anual,8,Coatzacoalcos
Secundaria Anual,10,Coatzacoalcos
Secundaria Anual,10,Coatzacoalcos
Secundaria Anual,10,Coatzacoalcos
Secundaria Anual,10,Coatzacoalcos
Secundaria Anual,10,Coatzacoalcos
Secundaria Anual,10,Veracruz
Secundaria Anual,10,Coatzacoalcos
Secundaria Anual,10,Coatzacoalcos
Secundaria Anual,10,Coatzacoalcos
Secundaria Anual,10,Coatzacoalcos
Secundaria Anual,9,Coatzacoalcos
Secundaria Anual,10,Coatzacoalcos
Secundaria Anual,10,Coatzacoalcos
Bachillerato Semestral ,7,Coatzacoalcos
Bachillerato Semestral ,6,Coatzacoalcos
Bachillerato Semestral ,6,Coatzacoalcos
Bachillerato Semestral ,7,Coatzacoalcos
Bachillerato Semestral ,9,Coatzacoalcos
Bachillerato Semestral ,9,Coatzacoalcos
Bachillerato Semestral ,7,Coatzacoalcos
Bachillerato Semestral ,9,Coatzacoalcos
Bachillerato Semestral ,8,Coatzacoalcos
Bachillerato Semestral ,9,Coatzacoalcos
Bachillerato Semestral ,9,Coatzacoalcos
Bachillerato Semestral ,7,Coatzacoalcos
Bachillerato Semestral ,8,Coatzacoalcos
Bachillerato Semestral ,8,Coatzacoalcos
Bachillerato Semestral ,10,Coatzacoalcos
Bachillerato Semestral ,9,Coatzacoalcos
Bachillerato Semestral ,7,Coatzacoalcos
Bachillerato Semestral ,8,Coatzacoalcos
Bachillerato Semestral ,9,Coatzacoalcos
Bachillerato Semestral ,3,Coatzacoalcos
Bachillerato Semestral ,10,Coatzacoalcos
Bachillerato Semestral ,6,Coatzacoalcos
Bachillerato Semestral ,9,Coatzacoalcos
Bachillerato Semestral ,8,Coatzacoalcos
Bachillerato Semestral ,10,Coatzacoalcos
Bachillerato Semestral ,7,Coatzacoalcos
Bachillerato Semestral ,7,Coatzacoalcos
Bachillerato Semestral ,7,Coatzacoalcos
Bachillerato Semestral ,9,Coatzacoalcos
Bachillerato Semestral ,6,Coatzacoalcos
Bachillerato Semestral ,8,Coatzacoalcos
Bachillerato Semestral ,7,Coatzacoalcos
Bachillerato Semestral ,6,Coatzacoalcos
Bachillerato Semestral ,8,Coatzacoalcos
Bachillerato Semestral ,9,Coatzacoalcos
Bachillerato Semestral ,5,Coatzacoalcos
Bachillerato Semestral ,10,Coatzacoalcos
Bachillerato Semestral ,4,Coatzacoalcos
Bachillerato Semestral ,10,Coatzacoalcos
Bachillerato Semestral ,10,Coatzacoalcos
Bachillerato Semestral ,8,Coatzacoalcos
Bachillerato Semestral ,10,Coatzacoalcos
Bachillerato Semestral ,9,Coatzacoalcos
Bachillerato Semestral ,8,Coatzacoalcos
Bachillerato Semestral ,9,Coatzacoalcos
Bachillerato Semestral ,9,Coatzacoalcos
Bachillerato Semestral ,10,Coatzacoalcos
Bachillerato Semestral ,10,Coatzacoalcos
Bachillerato Semestral ,9,Coatzacoalcos
Bachillerato Semestral ,10,Coatzacoalcos
Bachillerato Semestral ,9,Coatzacoalcos
Bachillerato Semestral ,10,Coatzacoalcos
Bachillerato Semestral ,10,Coatzacoalcos
Bachillerato Semestral ,7,Coatzacoalcos
Bachillerato Semestral ,9,Coatzacoalcos
Bachillerato Semestral ,8,Coatzacoalcos
Bachillerato Semestral ,5,Coatzacoalcos
Bachillerato Semestral ,9,Coatzacoalcos
Bachillerato Semestral ,8,Coatzacoalcos
Secundaria Anual,8,Coatzacoalcos
Secundaria Anual,9,Coatzacoalcos
Secundaria Anual,9,Coatzacoalcos
Secundaria Anual,9,Coatzacoalcos
Secundaria Anual,3,Coatzacoalcos
Secundaria Anual,10,Coatzacoalcos
Secundaria Anual,9,Coatzacoalcos
Secundaria Anual,8,Coatzacoalcos
Secundaria Anual,8,Coatzacoalcos
Secundaria Anual,8,Coatzacoalcos
Secundaria Anual,9,Coatzacoalcos
Secundaria Anual,9,Coatzacoalcos
Secundaria Anual,10,Coatzacoalcos
Secundaria Anual,10,Boca del Rio
Secundaria Anual,8,Boca del Rio
Secundaria Anual,7,Boca del Rio
Secundaria Anual,8,Boca del Rio
Secundaria Anual,9,Boca del Rio
Secundaria Anual,8,Boca del Rio
Secundaria Anual,9,Boca del Rio
Secundaria Anual,7,Boca del Rio
Secundaria Anual,10,Coatzacoalcos
Secundaria Anual,9,Boca del Rio
Secundaria Anual,5,Boca del Rio
Secundaria Anual,7,Boca del Rio
Secundaria Anual,6,Boca del Rio
Secundaria Anual,9,Boca del Rio
Secundaria Anual,9,Boca del Rio
Secundaria Anual,9,Boca del Rio
Secundaria Anual,3,Coatzacoalcos
Secundaria Anual,9,Boca del Rio
Secundaria Anual,8,Boca del Rio
Secundaria Anual,8,Boca del Rio
Secundaria Anual,8,Boca del Rio
Secundaria Anual,10,Boca del Rio
Secundaria Anual,9,Boca del Rio
Secundaria Anual,9,Boca del Rio
Secundaria Anual,7,Boca del Rio
Secundaria Anual,9,Boca del Rio
Secundaria Anual,7,Boca del Rio
Secundaria Anual,4,Boca del Rio
Secundaria Anual,8,Boca del Rio
Secundaria Anual,7,Boca del Rio
Secundaria Anual,9,Coatzacoalcos
Secundaria Anual,10,Coatzacoalcos
Secundaria Anual,10,Coatzacoalcos
Secundaria Anual,9,Coatzacoalcos
Secundaria Anual,10,Coatzacoalcos
Secundaria Anual,10,Coatzacoalcos
Secundaria Anual,9,Coatzacoalcos
Secundaria Anual,10,Coatzacoalcos
Secundaria Anual,10,Coatzacoalcos
Secundaria Anual,9,Coatzacoalcos
Secundaria Anual,10,Coatzacoalcos
Secundaria Anual,10,Coatzacoalcos
Secundaria Anual,9,Coatzacoalcos
Secundaria Anual,10,Coatzacoalcos
Secundaria Anual,9,Coatzacoalcos
Secundaria Anual,10,Coatzacoalcos
Secundaria Anual,10,Coatzacoalcos
Secundaria Anual,7,Coatzacoalcos
Secundaria Anual,10,Boca del Rio
Secundaria Anual,10,Coatzacoalcos
Secundaria Anual,8,Coatzacoalcos
Secundaria Anual,10,Coatzacoalcos
Secundaria Anual,10,Coatzacoalcos
Secundaria Anual,10,Coatzacoalcos
Secundaria Anual,9,Coatzacoalcos
Secundaria Anual,8,Coatzacoalcos
Secundaria Anual,10,Coatzacoalcos
Secundaria Anual,10,Boca del Rio
Secundaria Anual,10,Boca del Rio
Secundaria Anual,9,Boca del Rio
Secundaria Anual,9,Boca del Rio
Secundaria Anual,5,Boca del Rio
Secundaria Anual,9,Boca del Rio
Secundaria Anual,10,Boca del Rio
Secundaria Anual,10,Boca del Rio
Secundaria Anual,10,Boca del Rio
Secundaria Anual,10,Boca del Rio
Secundaria Anual,9,Boca del Rio
Secundaria Anual,7,Boca del Rio
Secundaria Anual,9,Boca del Rio
Secundaria Anual,8,Boca del Rio
Secundaria Anual,9,Boca del Rio
Secundaria Anual,8,Boca del Rio
Secundaria Anual,9,Boca del Rio
Secundaria Anual,10,Boca del Rio
Secundaria Anual,7,Boca del Rio
Secundaria Anual,3,Boca del Rio
Secundaria Anual,9,Boca del Rio
Secundaria Anual,8,Boca del Rio
Secundaria Anual,1,Boca del Rio
Secundaria Anual,8,Boca del Rio
Secundaria Anual,6,Boca del Rio
Secundaria Anual,7,Boca del Rio
Secundaria Anual,6,Boca del Rio
Secundaria Anual,8,Boca del Rio
Secundaria Anual,6,Boca del Rio
Secundaria Anual,7,Boca del Rio
Secundaria Anual,8,Boca del Rio
Secundaria Anual,7,Boca del Rio
Secundaria Anual,9,Boca del Rio
Secundaria Anual,8,Boca del Rio
Secundaria Anual,10,Boca del Rio
Secundaria Anual,10,Boca del Rio
Secundaria Anual,10,Boca del Rio
Secundaria Anual,10,Boca del Rio
Secundaria Anual,7,Boca del Rio
Secundaria Anual,10,Boca del Rio
Secundaria Anual,9,Boca del Rio
Bachillerato Semestral ,10,Boca del Rio
Secundaria Anual,9,Boca del Rio
Secundaria Anual,10,Boca del Rio
Secundaria Anual,9,Boca del Rio
Secundaria Anual,10,Boca del Rio
Secundaria Anual,9,Boca del Rio
Secundaria Anual,7,Boca del Rio
Secundaria Anual,10,Boca del Rio
Secundaria Anual,7,Boca del Rio
Secundaria Anual,8,Boca del Rio
Secundaria Anual,9,Boca del Rio
Secundaria Anual,9,Boca del Rio
Secundaria Anual,9,Boca del Rio
Secundaria Anual,8,Boca del Rio
Secundaria Anual,7,Boca del Rio
Secundaria Anual,9,Boca del Rio
Secundaria Anual,10,Boca del Rio
Secundaria Anual,9,Boca del Rio
Secundaria Anual,9,Boca del Rio
Secundaria Anual,8,Boca del Rio
Secundaria Anual,9,Boca del Rio
Secundaria Anual,9,Boca del Rio
Secundaria Anual,9,Boca del Rio
Secundaria Anual,10,Boca del Rio
Secundaria Anual,3,Boca del Rio
Secundaria Anual,10,Boca del Rio
Secundaria Anual,10,Boca del Rio
Secundaria Anual,10,Boca del Rio
Secundaria Anual,10,Boca del Rio
Secundaria Anual,10,Boca del Rio
Secundaria Anual,10,Boca del Rio
Secundaria Anual,8,Boca del Rio
Secundaria Anual,10,Boca del Rio
Secundaria Anual,10,Boca del Rio
Secundaria Anual,10,Boca del Rio
Secundaria Anual,10,Boca del Rio
Secundaria Anual,10,Boca del Rio
Secundaria Anual,10,Boca del Rio
Secundaria Anual,10,Boca del Rio
Secundaria Anual,10,Boca del Rio
Secundaria Anual,10,Boca del Rio
Secundaria Anual,10,Boca del Rio
Secundaria Anual,10,Boca del Rio
Secundaria Anual,10,Boca del Rio
Secundaria Anual,10,Boca del Rio
Secundaria Anual,10,Boca del Rio
Secundaria Anual,8,Boca del Rio
Secundaria Anual,10,Boca del Rio
Secundaria Anual,10,Boca del Rio
Secundaria Anual,10,Boca del Rio
Secundaria Anual,6,Boca del Rio
Secundaria Anual,9,Boca del Rio
Secundaria Anual,7,Boca del Rio
Secundaria Anual,8,Boca del Rio
Secundaria Anual,10,Boca del Rio
Secundaria Anual,10,Boca del Rio
Secundaria Anual,8,Boca del Rio
Secundaria Anual,10,Boca del Rio
Secundaria Anual,10,Boca del Rio
Secundaria Anual,10,Boca del Rio
Secundaria Anual,10,Boca del Rio
Secundaria Anual,8,Boca del Rio
Secundaria Anual,10,Boca del Rio
Secundaria Anual,8,Boca del Rio
Secundaria Anual,8,Boca del Rio
Secundaria Anual,10,Boca del Rio
Secundaria Anual,9,Boca del Rio
Secundaria Anual,9,Boca del Rio
Secundaria Anual,9,Boca del Rio
Secundaria Anual,9,Boca del Rio
Secundaria Anual,10,Boca del Rio
Secundaria Anual,8,Boca del Rio
Secundaria Anual,10,Coatzacoalcos
Secundaria Anual,8,Coatzacoalcos
Secundaria Anual,10,Coatzacoalcos
Secundaria Anual,10,Coatzacoalcos
Secundaria Anual,10,Coatzacoalcos
Secundaria Anual,10,Coatzacoalcos
Secundaria Anual,10,Coatzacoalcos
Secundaria Anual,10,Coatzacoalcos
Secundaria Anual,10,Coatzacoalcos
Secundaria Anual,10,Coatzacoalcos
Secundaria Anual,10,Coatzacoalcos
Secundaria Anual,10,Coatzacoalcos
Secundaria Anual,10,Coatzacoalcos
Secundaria Anual,10,Boca del Rio
Secundaria Anual,10,Coatzacoalcos
Secundaria Anual,10,Coatzacoalcos
Secundaria Anual,10,Coatzacoalcos
Secundaria Anual,10,Coatzacoalcos
Secundaria Anual,10,Coatzacoalcos
Secundaria Anual,10,Coatzacoalcos
Secundaria Anual,10,Coatzacoalcos
Secundaria Anual,10,Coatzacoalcos
Secundaria Anual,9,Coatzacoalcos
Secundaria Anual,10,Coatzacoalcos
Secundaria Anual,6,Coatzacoalcos
Secundaria Anual,8,Coatzacoalcos
Secundaria Anual,10,Coatzacoalcos
Secundaria Anual,9,Coatzacoalcos
Secundaria Anual,10,Coatzacoalcos
Secundaria Anual,8,Coatzacoalcos
Secundaria Anual,10,Coatzacoalcos
Secundaria Anual,10,Coatzacoalcos
Secundaria Anual,6,Coatzacoalcos
Secundaria Anual,5,Coatzacoalcos
Secundaria Anual,4,Coatzacoalcos
Secundaria Anual,7,Coatzacoalcos
Secundaria Anual,8,Coatzacoalcos
Secundaria Anual,10,Coatzacoalcos
Bachillerato Semestral ,1,Coatzacoalcos
Secundaria Anual,5,Coatzacoalcos
Secundaria Anual,3,Coatzacoalcos
Secundaria Anual,9,Coatzacoalcos
Secundaria Anual,7,Coatzacoalcos
Secundaria Anual,10,Coatzacoalcos
Secundaria Anual,10,Coatzacoalcos
Secundaria Anual,9,Coatzacoalcos
Secundaria Anual,9,Coatzacoalcos
Bachillerato Semestral ,9,Coatzacoalcos
Bachillerato Semestral ,9,Coatzacoalcos
Bachillerato Semestral ,9,Coatzacoalcos
Bachillerato Semestral ,8,Coatzacoalcos
Bachillerato Semestral ,8,Coatzacoalcos
Bachillerato Semestral ,8,Coatzacoalcos
Bachillerato Semestral ,2,Coatzacoalcos
Bachillerato Semestral ,7,Coatzacoalcos
Bachillerato Semestral ,9,Coatzacoalcos
Bachillerato Semestral ,8,Coatzacoalcos
Bachillerato Semestral ,9,Coatzacoalcos
Bachillerato Semestral ,6,Coatzacoalcos
Bachillerato Semestral ,9,Coatzacoalcos
Bachillerato Semestral ,3,Coatzacoalcos
Bachillerato Semestral ,10,Coatzacoalcos
Bachillerato Semestral ,10,Coatzacoalcos
Bachillerato Semestral ,7,Coatzacoalcos
Bachillerato Semestral ,9,Coatzacoalcos
Bachillerato Semestral ,8,Coatzacoalcos
Bachillerato Semestral ,7,Coatzacoalcos
Bachillerato Semestral ,10,Coatzacoalcos
Bachillerato Semestral ,8,Coatzacoalcos
Bachillerato Semestral ,9,Coatzacoalcos
Bachillerato Semestral ,8,Coatzacoalcos
Bachillerato Semestral ,9,Coatzacoalcos
Bachillerato Semestral ,8,Coatzacoalcos
Bachillerato Semestral ,10,Coatzacoalcos
Secundaria Anual,10,Coatzacoalcos
Secundaria Anual,10,Coatzacoalcos
Secundaria Anual,9,Coatzacoalcos
Secundaria Anual,8,Coatzacoalcos
Secundaria Anual,9,Coatzacoalcos
Secundaria Anual,9,Coatzacoalcos
Secundaria Anual,10,Coatzacoalcos
Secundaria Anual,10,Coatzacoalcos
Secundaria Anual,9,Coatzacoalcos
Secundaria Anual,9,Coatzacoalcos
Secundaria Anual,10,Coatzacoalcos
Secundaria Anual,10,Coatzacoalcos
Secundaria Anual,10,Coatzacoalcos
Secundaria Anual,7,Coatzacoalcos
Secundaria Anual,9,Coatzacoalcos
Secundaria Anual,9,Coatzacoalcos
Secundaria Anual,8,Coatzacoalcos
Secundaria Anual,8,Boca del Rio
Secundaria Anual,9,Boca del Rio
Secundaria Anual,9,Boca del Rio
Secundaria Anual,8,Boca del Rio
Secundaria Anual,8,Boca del Rio
Secundaria Anual,8,Boca del Rio
Secundaria Anual,9,Boca del Rio
Secundaria Anual,10,Boca del Rio
Secundaria Anual,8,Boca del Rio
Secundaria Anual,8,Boca del Rio
Secundaria Anual,8,Boca del Rio
Secundaria Anual,10,Boca del Rio
Secundaria Anual,10,Boca del Rio
Secundaria Anual,8,Boca del Rio
Secundaria Anual,9,Boca del Rio
Secundaria Anual,8,Boca del Rio
Secundaria Anual,9,Boca del Rio
Secundaria Anual,6,Boca del Rio
Secundaria Anual,9,Boca del Rio
Secundaria Anual,7,Boca del Rio
Bachillerato Semestral ,8,Coatzacoalcos
Bachillerato Semestral ,9,Coatzacoalcos
Secundaria Anual,9,Coatzacoalcos
Secundaria Anual,10,Coatzacoalcos
Secundaria Anual,10,Coatzacoalcos
Secundaria Anual,9,Coatzacoalcos
Secundaria Anual,9,Coatzacoalcos
Secundaria Anual,8,Coatzacoalcos
Secundaria Anual,8,Coatzacoalcos
Secundaria Anual,8,Coatzacoalcos
Secundaria Anual,9,Coatzacoalcos
Secundaria Anual,10,Coatzacoalcos
Secundaria Anual,9,Coatzacoalcos
Secundaria Anual,8,Coatzacoalcos
Secundaria Anual,9,Coatzacoalcos
Secundaria Anual,8,Coatzacoalcos
Secundaria Anual,7,Coatzacoalcos
Secundaria Anual,10,Coatzacoalcos
Secundaria Anual,9,Coatzacoalcos
Secundaria Anual,10,Coatzacoalcos
Secundaria Anual,10,Coatzacoalcos
Secundaria Anual,10,Coatzacoalcos
Secundaria Anual,4,Coatzacoalcos
Secundaria Anual,1,Coatzacoalcos
Secundaria Anual,9,Coatzacoalcos
Secundaria Anual,1,Coatzacoalcos
Secundaria Anual,3,Coatzacoalcos
Secundaria Anual,2,Coatzacoalcos
Secundaria Anual,2,Coatzacoalcos
Secundaria Anual,9,Coatzacoalcos
Secundaria Anual,1,Coatzacoalcos
Secundaria Anual,9,Coatzacoalcos
Secundaria Anual,9,Coatzacoalcos
Secundaria Anual,9,Coatzacoalcos
Secundaria Anual,1,Coatzacoalcos
Secundaria Anual,2,Coatzacoalcos
Secundaria Anual,3,Coatzacoalcos
Secundaria Anual,10,Coatzacoalcos
Secundaria Anual,1,Coatzacoalcos
Secundaria Anual,4,Coatzacoalcos
Secundaria Anual,1,Coatzacoalcos
Secundaria Anual,9,Coatzacoalcos
Secundaria Anual,7,Coatzacoalcos
Secundaria Anual,2,Coatzacoalcos
Secundaria Anual,6,Coatzacoalcos
Secundaria Anual,5,Coatzacoalcos
Secundaria Anual,7,Coatzacoalcos
Secundaria Anual,10,Coatzacoalcos
Bachillerato Semestral ,2,Coatzacoalcos
Bachillerato Semestral ,7,Coatzacoalcos
Bachillerato Semestral ,9,Coatzacoalcos
Bachillerato Semestral ,4,Coatzacoalcos
Bachillerato Semestral ,9,Coatzacoalcos
Bachillerato Semestral ,7,Coatzacoalcos
Bachillerato Semestral ,8,Coatzacoalcos
Bachillerato Semestral ,5,Coatzacoalcos
Bachillerato Semestral ,6,Coatzacoalcos
Bachillerato Semestral ,7,Coatzacoalcos
Bachillerato Semestral ,7,Coatzacoalcos
Bachillerato Semestral ,9,Coatzacoalcos
Bachillerato Semestral ,7,Coatzacoalcos
Bachillerato Semestral ,1,Coatzacoalcos
Bachillerato Semestral ,8,Coatzacoalcos
Bachillerato Semestral ,9,Coatzacoalcos
Bachillerato Semestral ,8,Coatzacoalcos
Bachillerato Semestral ,9,Coatzacoalcos
Bachillerato Semestral ,7,Coatzacoalcos
Bachillerato Semestral ,6,Coatzacoalcos
Bachillerato Semestral ,7,Coatzacoalcos
Bachillerato Semestral ,10,Coatzacoalcos
Bachillerato Semestral ,8,Coatzacoalcos
Bachillerato Semestral ,8,Coatzacoalcos
Bachillerato Semestral ,8,Coatzacoalcos
Bachillerato Semestral ,7,Coatzacoalcos
Bachillerato Semestral ,7,Coatzacoalcos
Bachillerato Semestral ,8,Coatzacoalcos
Bachillerato Semestral ,9,Coatzacoalcos
Bachillerato Semestral ,9,Coatzacoalcos
Bachillerato Semestral ,10,Coatzacoalcos
Bachillerato Semestral ,9,Coatzacoalcos
Bachillerato Semestral ,9,Coatzacoalcos
Bachillerato Semestral ,9,Coatzacoalcos
Bachillerato Semestral ,10,Coatzacoalcos
Bachillerato Semestral ,9,Coatzacoalcos
Bachillerato Semestral ,10,Coatzacoalcos
Bachillerato Semestral ,10,Coatzacoalcos
Bachillerato Semestral ,10,Coatzacoalcos
Bachillerato Semestral ,7,Coatzacoalcos
Bachillerato Semestral ,9,Coatzacoalcos
Bachillerato Semestral ,8,Coatzacoalcos
Secundaria Anual,9,Boca del Rio
Secundaria Anual,10,Boca del Rio
Secundaria Anual,7,Boca del Rio
Secundaria Anual,8,Boca del Rio
Secundaria Anual,7,Boca del Rio
Secundaria Anual,9,Boca del Rio
Secundaria Anual,7,Boca del Rio
Secundaria Anual,9,Boca del Rio
Secundaria Anual,7,Boca del Rio
Secundaria Anual,10,Boca del Rio
Secundaria Anual,5,Boca del Rio
Secundaria Anual,9,Boca del Rio
Secundaria Anual,7,Boca del Rio
Secundaria Anual,6,Boca del Rio
Secundaria Anual,8,Boca del Rio
Secundaria Anual,8,Boca del Rio
Secundaria Anual,8,Boca del Rio
Secundaria Anual,9,Boca del Rio
Secundaria Anual,10,Boca del Rio
Secundaria Anual,10,Boca del Rio
Secundaria Anual,7,Boca del Rio
Secundaria Anual,8,Boca del Rio
Secundaria Anual,9,Boca del Rio
Secundaria Anual,10,Boca del Rio
Secundaria Anual,7,Boca del Rio
Secundaria Anual,8,Boca del Rio
Secundaria Anual,7,Boca del Rio
Secundaria Anual,9,Boca del Rio
Secundaria Anual,9,Boca del Rio
Secundaria Anual,9,Boca del Rio
Secundaria Anual,9,Boca del Rio
Secundaria Anual,7,Boca del Rio
Secundaria Anual,9,Boca del Rio
Secundaria Anual,9,Boca del Rio
Secundaria Anual,6,Boca del Rio
Secundaria Anual,10,Boca del Rio
Secundaria Anual,10,Boca del Rio
Secundaria Anual,9,Boca del Rio
Secundaria Anual,10,Boca del Rio
Secundaria Anual,9,Boca del Rio
Secundaria Anual,10,Boca del Rio
Secundaria Anual,10,Boca del Rio
Secundaria Anual,10,Boca del Rio
Secundaria Anual,9,Boca del Rio
Secundaria Anual,6,Boca del Rio
Secundaria Anual,10,Boca del Rio
Secundaria Anual,9,Boca del Rio
Secundaria Anual,10,Boca del Rio
Secundaria Anual,10,Boca del Rio
Secundaria Anual,9,Boca del Rio
Secundaria Anual,5,Boca del Rio
Secundaria Anual,9,Boca del Rio
Secundaria Anual,10,Boca del Rio
Secundaria Anual,9,Boca del Rio
Secundaria Anual,10,Boca del Rio
Secundaria Anual,9,Boca del Rio
Secundaria Anual,10,Boca del Rio
Secundaria Anual,10,Boca del Rio
Secundaria Anual,8,Boca del Rio
Secundaria Anual,10,Boca del Rio
Secundaria Anual,10,Boca del Rio
Secundaria Anual,9,Boca del Rio
Secundaria Anual,9,Boca del Rio
Secundaria Anual,9,Boca del Rio
Secundaria Anual,9,Boca del Rio
Secundaria Anual,10,Boca del Rio
Secundaria Anual,10,Boca del Rio
Secundaria Anual,8,Boca del Rio
Secundaria Anual,8,Boca del Rio
Secundaria Anual,10,Boca del Rio
Secundaria Anual,6,Boca del Rio
Secundaria Anual,9,Boca del Rio
Secundaria Anual,10,Boca del Rio
Secundaria Anual,10,Boca del Rio
Secundaria Anual,9,Boca del Rio
Secundaria Anual,10,Boca del Rio
Secundaria Anual,9,Boca del Rio
Secundaria Anual,7,Boca del Rio
Secundaria Anual,7,Boca del Rio
Secundaria Anual,6,Boca del Rio
Secundaria Anual,9,Boca del Rio
Secundaria Anual,10,Boca del Rio
Secundaria Anual,9,Boca del Rio
Secundaria Anual,10,Boca del Rio
Secundaria Anual,9,Boca del Rio
Secundaria Anual,9,Boca del Rio
Secundaria Anual,10,Boca del Rio
Secundaria Anual,10,Boca del Rio
Secundaria Anual,10,Boca del Rio
Secundaria Anual,5,Boca del Rio
Secundaria Anual,10,Coatzacoalcos
Secundaria Anual,10,Boca del Rio
Secundaria Anual,7,Boca del Rio
Secundaria Anual,10,Boca del Rio
Secundaria Anual,4,Boca del Rio
Secundaria Anual,5,Boca del Rio
Secundaria Anual,9,Boca del Rio
Secundaria Anual,6,Boca del Rio
Secundaria Anual,8,Boca del Rio
Secundaria Anual,4,Boca del Rio
Secundaria Anual,8,Boca del Rio
Secundaria Anual,9,Boca del Rio
Secundaria Anual,9,Boca del Rio
Secundaria Anual,9,Boca del Rio
Secundaria Anual,9,Boca del Rio
Secundaria Anual,8,Boca del Rio
Secundaria Anual,9,Boca del Rio
Secundaria Anual,8,Boca del Rio
Secundaria Anual,8,Boca del Rio
Secundaria Anual,10,Boca del Rio
Secundaria Anual,9,Boca del Rio
Secundaria Anual,9,Boca del Rio
Secundaria Anual,10,Boca del Rio
Secundaria Anual,7,Boca del Rio
Secundaria Anual,8,Boca del Rio
Secundaria Anual,8,Boca del Rio
Secundaria Anual,6,Boca del Rio
Secundaria Anual,10,Boca del Rio
Secundaria Anual,5,Boca del Rio
Secundaria Anual,10,Boca del Rio
Secundaria Anual,9,Boca del Rio
Secundaria Anual,7,Boca del Rio
Secundaria Anual,2,Boca del Rio
Secundaria Anual,8,Boca del Rio
Secundaria Anual,8,Boca del Rio
Secundaria Anual,8,Boca del Rio
Secundaria Anual,8,Boca del Rio
Secundaria Anual,7,Boca del Rio
Secundaria Anual,7,Boca del Rio
Secundaria Anual,9,Boca del Rio
Secundaria Anual,8,Boca del Rio
Secundaria Anual,10,Boca del Rio
Secundaria Anual,7,Boca del Rio
Secundaria Anual,9,Boca del Rio
Secundaria Anual,8,Boca del Rio
Secundaria Anual,10,Boca del Rio
Secundaria Anual,5,Boca del Rio
Secundaria Anual,8,Boca del Rio
Secundaria Anual,8,Boca del Rio
Secundaria Anual,9,Boca del Rio
Secundaria Anual,5,Boca del Rio
Secundaria Anual,9,Boca del Rio
Secundaria Anual,9,Boca del Rio
Secundaria Anual,9,Boca del Rio
Secundaria Anual,9,Coatzacoalcos
Secundaria Anual,10,Boca del Rio
Secundaria Anual,8,Boca del Rio
Secundaria Anual,3,Boca del Rio
Secundaria Anual,8,Boca del Rio
Secundaria Anual,9,Boca del Rio
Secundaria Anual,10,Boca del Rio
Secundaria Anual,10,Boca del Rio
Secundaria Anual,8,Boca del Rio
Secundaria Anual,7,Boca del Rio
Secundaria Anual,10,Boca del Rio
Secundaria Anual,10,Boca del Rio
Secundaria Anual,10,Boca del Rio
Secundaria Anual,10,Boca del Rio
Secundaria Anual,10,Boca del Rio
Secundaria Anual,10,Boca del Rio
Secundaria Anual,7,Boca del Rio
Secundaria Anual,9,Boca del Rio
Secundaria Anual,10,Boca del Rio
Secundaria Anual,9,Boca del Rio
Secundaria Anual,9,Boca del Rio
Secundaria Anual,10,Boca del Rio
Secundaria Anual,10,Boca del Rio
Secundaria Anual,9,Boca del Rio
Secundaria Anual,9,Boca del Rio
Secundaria Anual,8,Boca del Rio
Secundaria Anual,9,Boca del Rio
Secundaria Anual,9,Boca del Rio
Secundaria Anual,9,Boca del Rio
Secundaria Anual,8,Boca del Rio
Secundaria Anual,10,Coatzacoalcos
Secundaria Anual,8,Boca del Rio
Secundaria Anual,10,Boca del Rio
Secundaria Anual,9,Boca del Rio
Secundaria Anual,9,Boca del Rio
Secundaria Anual,10,Boca del Rio
Secundaria Anual,10,Boca del Rio
Secundaria Anual,8,Boca del Rio
Secundaria Anual,10,Boca del Rio
Secundaria Anual,10,Boca del Rio
Secundaria Anual,9,Boca del Rio
Secundaria Anual,9,Boca del Rio
Secundaria Anual,9,Boca del Rio
Secundaria Anual,8,Boca del Rio
Secundaria Anual,9,Boca del Rio
Secundaria Anual,10,Boca del Rio
Secundaria Anual,8,Boca del Rio
Secundaria Anual,9,Boca del Rio
Secundaria Anual,9,Boca del Rio
Secundaria Anual,8,Boca del Rio
Secundaria Anual,10,Boca del Rio
Secundaria Anual,9,Boca del Rio
Secundaria Anual,8,Boca del Rio
Secundaria Anual,10,Boca del Rio
Secundaria Anual,8,Boca del Rio
Secundaria Anual,10,Boca del Rio
Secundaria Anual,10,Boca del Rio
Secundaria Anual,8,Boca del Rio
Secundaria Anual,8,Boca del Rio
Secundaria Anual,10,Boca del Rio
Secundaria Anual,8,Boca del Rio
Secundaria Anual,8,Boca del Rio
Secundaria Anual,8,Boca del Rio
Secundaria Anual,10,Boca del Rio
Secundaria Anual,7,Boca del Rio
Secundaria Anual,9,Boca del Rio
Secundaria Anual,9,Boca del Rio
Secundaria Anual,10,Boca del Rio
Secundaria Anual,6,Boca del Rio
Secundaria Anual,9,Boca del Rio
Secundaria Anual,9,Boca del Rio
Secundaria Anual,7,Boca del Rio
Secundaria Anual,7,Boca del Rio
Secundaria Anual,7,Boca del Rio
Secundaria Anual,9,Boca del Rio
Secundaria Anual,10,Coatzacoalcos
Secundaria Anual,7,Boca del Rio
Secundaria Anual,10,Boca del Rio
Secundaria Anual,6,Boca del Rio
Secundaria Anual,8,Boca del Rio
Secundaria Anual,7,Boca del Rio
Secundaria Anual,10,Boca del Rio
Secundaria Anual,9,Boca del Rio
Secundaria Anual,2,Boca del Rio
Secundaria Anual,9,Boca del Rio
Secundaria Anual,9,Boca del Rio
Secundaria Anual,6,Boca del Rio
Secundaria Anual,10,Boca del Rio
Secundaria Anual,9,Boca del Rio
Secundaria Anual,9,Boca del Rio
Secundaria Anual,9,Boca del Rio
Secundaria Anual,10,Boca del Rio
Secundaria Anual,9,Boca del Rio
Secundaria Anual,9,Boca del Rio
Secundaria Anual,10,Boca del Rio
Secundaria Anual,8,Boca del Rio
Secundaria Anual,9,Boca del Rio
Secundaria Anual,10,Boca del Rio
Secundaria Anual,10,Boca del Rio
Secundaria Anual,8,Boca del Rio
Secundaria Anual,9,Boca del Rio
Secundaria Anual,10,Boca del Rio
Secundaria Anual,9,Boca del Rio
Secundaria Anual,9,Boca del Rio
Secundaria Anual,9,Boca del Rio
Secundaria Anual,8,Boca del Rio
Secundaria Anual,10,Boca del Rio
Secundaria Anual,9,Boca del Rio
Secundaria Anual,5,Boca del Rio
Secundaria Anual,9,Boca del Rio
Secundaria Anual,8,Boca del Rio
Secundaria Anual,7,Boca del Rio
Secundaria Anual,10,Boca del Rio
Secundaria Anual,8,Boca del Rio
Secundaria Anual,9,Boca del Rio
Secundaria Anual,9,Boca del Rio
Secundaria Anual,8,Boca del Rio
Secundaria Anual,10,Boca del Rio
Secundaria Anual,10,Boca del Rio
Secundaria Anual,7,Boca del Rio
Secundaria Anual,10,Boca del Rio
Secundaria Anual,9,Boca del Rio
Secundaria Anual,9,Boca del Rio
Secundaria Anual,9,Boca del Rio
Secundaria Anual,7,Boca del Rio
Secundaria Anual,7,Boca del Rio
Secundaria Anual,9,Boca del Rio
Secundaria Anual,7,Boca del Rio
Secundaria Anual,9,Coatzacoalcos
Secundaria Anual,9,Coatzacoalcos
Secundaria Anual,9,Coatzacoalcos
Secundaria Anual,10,Coatzacoalcos
Secundaria Anual,10,Coatzacoalcos
Secundaria Anual,10,Coatzacoalcos
Secundaria Anual,10,Coatzacoalcos
Secundaria Anual,10,Coatzacoalcos
Secundaria Anual,10,Coatzacoalcos
Secundaria Anual,8,Coatzacoalcos
Secundaria Anual,10,Coatzacoalcos
Secundaria Anual,9,Coatzacoalcos
Secundaria Anual,8,Coatzacoalcos
Secundaria Anual,10,Coatzacoalcos
Secundaria Anual,8,Coatzacoalcos
Secundaria Anual,10,Coatzacoalcos
Secundaria Anual,10,Coatzacoalcos
Secundaria Anual,7,Coatzacoalcos
Secundaria Anual,1,Coatzacoalcos
